LinearRegression,RandomForest,SGDRegressor
0.7683254057925626,0.7860993447215782,0.6917210216175564
0.7652124415818018,0.7867399933592438,0.686115257889014
0.7672980514421558,0.7900516530902076,0.6888233228081169
