LinearRegression,RandomForest,SGDRegressor
0.7614983419634274,0.7895787010512931,0.688671501997874
0.7687891755514862,0.7891448688264351,0.6910308548518622
0.7719023619263019,0.7919417578114794,0.6910692635520659
