LinearRegression,RandomForest,SGDRegressor
0.6520516976148749,0.6827657417492989,0.6485080645090691
0.6429350391809909,0.6818793232124798,0.6535595932395208
0.6235528505613263,0.680807968488385,0.6460331543380757
