Linear Regression,Random Forest,SGD Regressor
0.6026994931214733,0.6374738664051858,0.625159932261765
0.6072759357990711,0.6407367224464183,0.6345993904531249
0.5931940385109383,0.6284184429799502,0.6148587565944139
