Linear Regression,Random Forest,SGD Regressor
0.7614980095791591,0.7894665780123409,0.6885457622996455
0.768786341602439,0.7890428246384203,0.6897363877650041
0.7719024526980472,0.7921270062878496,0.6910507621078823
