Linear Regression,Random Forest,SGD Regressor
0.7464451709152885,0.774148784942284,0.6749996675785794
0.7436475954849247,0.7743504432563918,0.6712879565909176
0.7458848135250036,0.7754688479033093,0.6731700036706063
